zip_code,week_number,date_week_start,date_week_end,cases_weekly,cases_cumulative,tests_weekly,tests_cumulative,deaths_weekly,deaths_cumulative
60642,10,03/01/2020,03/07/2020,,,1,1,0,0
60707,17,04/19/2020,04/25/2020,4.0,39.0,111,386,0,2
60606,13,03/22/2020,03/28/2020,,,15,33,0,0
60666,12,03/15/2020,03/21/2020,,,0,0,0,0
60634,12,03/15/2020,03/21/2020,9.0,9.0,67,74,0,0
60827,11,03/08/2020,03/14/2020,,,0,0,0,0
60612,16,04/12/2020,04/18/2020,63.0,266.0,222,935,3,10
60609,12,03/15/2020,03/21/2020,11.0,12.0,61,68,0,0
60645,16,04/12/2020,04/18/2020,122.0,456.0,339,1181,8,17
60632,16,04/12/2020,04/18/2020,235.0,433.0,457,1052,1,10
60631,13,03/22/2020,03/28/2020,10.0,19.0,187,215,0,0
60666,11,03/08/2020,03/14/2020,,,0,0,0,0
60622,17,04/19/2020,04/25/2020,64.0,277.0,236,1003,10,22
60651,11,03/08/2020,03/14/2020,,,8,8,0,0
60644,16,04/12/2020,04/18/2020,84.0,366.0,272,925,6,15
60621,13,03/22/2020,03/28/2020,20.0,29.0,70,127,1,1
60654,15,04/05/2020,04/11/2020,43.0,81.0,81,232,0,0
60608,10,03/01/2020,03/07/2020,,,2,2,0,0
60645,18,04/26/2020,05/02/2020,92.0,673.0,479,1964,11,39
60633,10,03/01/2020,03/07/2020,,,0,0,0,0
60639,11,03/08/2020,03/14/2020,,,8,9,0,0
60615,15,04/05/2020,04/11/2020,48.0,136.0,164,585,0,4
60651,16,04/12/2020,04/18/2020,120.0,377.0,332,1013,5,18
60656,20,05/10/2020,05/16/2020,26.0,197.0,171,1253,0,5
60610,15,04/05/2020,04/11/2020,21.0,97.0,99,388,1,1
60619,18,04/26/2020,05/02/2020,81.0,613.0,531,2269,5,36
60625,11,03/08/2020,03/14/2020,,,11,13,0,0
60629,10,03/01/2020,03/07/2020,,,1,1,0,0
60642,19,05/03/2020,05/09/2020,12.0,105.0,113,588,3,4
60610,20,05/10/2020,05/16/2020,28.0,202.0,317,1328,1,6
60622,15,04/05/2020,04/11/2020,74.0,165.0,195,554,2,3
60636,15,04/05/2020,04/11/2020,76.0,178.0,107,399,9,17
60827,16,04/12/2020,04/18/2020,3.0,15.0,15,59,0,1
60649,15,04/05/2020,04/11/2020,89.0,207.0,168,643,12,22
60660,19,05/03/2020,05/09/2020,33.0,283.0,165,1114,8,29
60624,15,04/05/2020,04/11/2020,108.0,238.0,193,595,4,9
60618,14,03/29/2020,04/04/2020,67.0,107.0,199,499,0,0
60659,13,03/22/2020,03/28/2020,36.0,51.0,131,198,1,1
60637,10,03/01/2020,03/07/2020,,,1,1,0,0
60636,20,05/10/2020,05/16/2020,74.0,558.0,344,1713,2,40
60605,11,03/08/2020,03/14/2020,,,18,18,0,0
60652,15,04/05/2020,04/11/2020,76.0,163.0,135,436,3,6
60654,10,03/01/2020,03/07/2020,,,1,1,0,0
60612,20,05/10/2020,05/16/2020,56.0,542.0,390,2317,2,18
60647,15,04/05/2020,04/11/2020,71.0,143.0,239,716,0,1
60644,20,05/10/2020,05/16/2020,108.0,916.0,487,3286,6,53
60631,20,05/10/2020,05/16/2020,33.0,215.0,250,1594,2,7
60652,20,05/10/2020,05/16/2020,93.0,671.0,427,2345,9,21
60613,20,05/10/2020,05/16/2020,14.0,314.0,219,1521,3,22
60615,19,05/03/2020,05/09/2020,34.0,278.0,282,1486,1,11
60638,18,04/26/2020,05/02/2020,185.0,554.0,582,2011,10,17
60616,19,05/03/2020,05/09/2020,38.0,302.0,305,1466,3,31
60603,19,05/03/2020,05/09/2020,0.0,5.0,5,34,0,0
60639,20,05/10/2020,05/16/2020,377.0,2403.0,1122,6216,7,68
60602,12,03/15/2020,03/21/2020,,,3,3,0,0
60626,12,03/15/2020,03/21/2020,12.0,12.0,89,95,0,0
60628,14,03/29/2020,04/04/2020,110.0,204.0,311,652,8,9
60630,11,03/08/2020,03/14/2020,,,6,6,0,0
60655,14,03/29/2020,04/04/2020,28.0,48.0,167,341,1,1
60641,17,04/19/2020,04/25/2020,157.0,440.0,517,1516,5,16
60603,14,03/29/2020,04/04/2020,,,4,8,0,0
60602,13,03/22/2020,03/28/2020,,,3,6,0,0
60827,12,03/15/2020,03/21/2020,,,8,8,0,0
60623,14,03/29/2020,04/04/2020,83.0,132.0,208,434,5,8
60637,14,03/29/2020,04/04/2020,56.0,103.0,171,474,2,2
60604,18,04/26/2020,05/02/2020,3.0,9.0,14,39,0,0
60601,13,03/22/2020,03/28/2020,9.0,20.0,37,76,0,0
60655,19,05/03/2020,05/09/2020,17.0,194.0,199,1356,0,6
60616,18,04/26/2020,05/02/2020,45.0,264.0,241,1161,2,28
60634,19,05/03/2020,05/09/2020,186.0,898.0,781,3938,4,26
60647,19,05/03/2020,05/09/2020,183.0,803.0,669,2879,15,45
60610,10,03/01/2020,03/07/2020,,,4,4,0,0
60657,14,03/29/2020,04/04/2020,43.0,105.0,161,501,0,0
60661,13,03/22/2020,03/28/2020,7.0,8.0,30,52,0,0
60611,14,03/29/2020,04/04/2020,18.0,55.0,74,295,0,0
60632,13,03/22/2020,03/28/2020,16.0,21.0,114,183,1,1
60633,15,04/05/2020,04/11/2020,6.0,12.0,14,66,0,0
60617,19,05/03/2020,05/09/2020,131.0,701.0,721,3233,8,36
60653,13,03/22/2020,03/28/2020,32.0,49.0,122,210,0,1
60643,19,05/03/2020,05/09/2020,44.0,566.0,358,2613,5,38
60614,13,03/22/2020,03/28/2020,28.0,52.0,142,302,0,1
60654,19,05/03/2020,05/09/2020,5.0,115.0,93,513,0,0
60707,10,03/01/2020,03/07/2020,,,1,1,0,0
60617,12,03/15/2020,03/21/2020,14.0,15.0,125,136,0,0
60601,19,05/03/2020,05/09/2020,6.0,61.0,66,334,1,4
60640,13,03/22/2020,03/28/2020,25.0,40.0,117,232,2,2
60604,12,03/15/2020,03/21/2020,,,0,0,0,0
60608,15,04/05/2020,04/11/2020,123.0,279.0,323,814,3,4
60660,11,03/08/2020,03/14/2020,,,12,12,0,0
60625,19,05/03/2020,05/09/2020,196.0,890.0,586,2839,16,56
60639,19,05/03/2020,05/09/2020,541.0,2026.0,1406,5094,17,61
60630,16,04/12/2020,04/18/2020,54.0,181.0,292,928,4,10
60613,19,05/03/2020,05/09/2020,59.0,300.0,231,1302,7,19
60620,18,04/26/2020,05/02/2020,84.0,735.0,519,2606,6,51
60626,13,03/22/2020,03/28/2020,22.0,34.0,129,224,0,0
60642,18,04/26/2020,05/02/2020,31.0,93.0,111,475,0,1
60605,12,03/15/2020,03/21/2020,14.0,15.0,83,101,0,0
60629,18,04/26/2020,05/02/2020,510.0,1430.0,1329,3484,7,30
60607,11,03/08/2020,03/14/2020,,,11,11,0,0
60623,18,04/26/2020,05/02/2020,628.0,1529.0,1332,3399,16,52
60602,17,04/19/2020,04/25/2020,2.0,5.0,14,37,0,0
60619,17,04/19/2020,04/25/2020,116.0,532.0,527,1738,6,31
60645,12,03/15/2020,03/21/2020,19.0,19.0,77,81,0,0
60646,18,04/26/2020,05/02/2020,108.0,213.0,211,1092,4,9
60614,20,05/10/2020,05/16/2020,33.0,428.0,438,2392,5,51
60616,13,03/22/2020,03/28/2020,22.0,32.0,139,228,1,2
60657,18,04/26/2020,05/02/2020,30.0,221.0,254,1301,5,15
60642,13,03/22/2020,03/28/2020,7.0,10.0,65,104,0,0
60630,12,03/15/2020,03/21/2020,6.0,6.0,42,48,1,1
60636,12,03/15/2020,03/21/2020,9.0,9.0,52,58,1,1
60661,17,04/19/2020,04/25/2020,2.0,22.0,28,129,0,0
60619,12,03/15/2020,03/21/2020,26.0,27.0,117,130,0,0
60707,18,04/26/2020,05/02/2020,12.0,51.0,110,496,0,2
60623,10,03/01/2020,03/07/2020,,,3,3,0,0
60646,11,03/08/2020,03/14/2020,,,4,7,0,0
60609,17,04/19/2020,04/25/2020,209.0,524.0,508,1360,9,18
60621,17,04/19/2020,04/25/2020,63.0,266.0,218,762,5,15
60611,10,03/01/2020,03/07/2020,,,2,2,0,0
60649,18,04/26/2020,05/02/2020,80.0,494.0,360,1698,21,62
60632,17,04/19/2020,04/25/2020,366.0,799.0,744,1796,7,17
60656,12,03/15/2020,03/21/2020,,,24,28,0,0
60607,17,04/19/2020,04/25/2020,17.0,322.0,231,926,2,3
60633,11,03/08/2020,03/14/2020,,,0,0,0,0
60645,17,04/19/2020,04/25/2020,125.0,581.0,304,1485,11,28
60659,18,04/26/2020,05/02/2020,76.0,410.0,305,1240,2,21
60613,14,03/29/2020,04/04/2020,48.0,92.0,132,351,1,1
60638,11,03/08/2020,03/14/2020,,,1,2,0,0
60625,15,04/05/2020,04/11/2020,104.0,207.0,263,692,2,5
60605,16,04/12/2020,04/18/2020,26.0,85.0,102,437,0,0
60666,17,04/19/2020,04/25/2020,,,0,0,0,0
60620,11,03/08/2020,03/14/2020,,,12,15,0,0
60626,17,04/19/2020,04/25/2020,146.0,418.0,438,1272,9,26
60643,12,03/15/2020,03/21/2020,8.0,9.0,77,83,0,0
60612,10,03/01/2020,03/07/2020,,,1,1,0,0
60638,10,03/01/2020,03/07/2020,,,1,1,0,0
60608,11,03/08/2020,03/14/2020,,,9,11,0,0
60612,11,03/08/2020,03/14/2020,,,10,11,0,0
60639,14,03/29/2020,04/04/2020,77.0,119.0,213,429,2,3
60610,16,04/12/2020,04/18/2020,15.0,112.0,97,485,0,1
60622,11,03/08/2020,03/14/2020,5.0,5.0,11,13,0,0
60640,20,05/10/2020,05/16/2020,50.0,642.0,417,2680,8,69
60624,11,03/08/2020,03/14/2020,,,8,10,0,0
60649,11,03/08/2020,03/14/2020,,,2,3,0,0
60651,20,05/10/2020,05/16/2020,209.0,1238.0,681,3794,6,45
60629,14,03/29/2020,04/04/2020,87.0,139.0,213,449,6,6
60606,18,04/26/2020,05/02/2020,3.0,28.0,36,177,2,2
60618,18,04/26/2020,05/02/2020,138.0,602.0,610,2283,6,18
60628,20,05/10/2020,05/16/2020,71.0,850.0,535,3329,5,69
60626,16,04/12/2020,04/18/2020,118.0,272.0,292,834,10,17
60621,12,03/15/2020,03/21/2020,9.0,9.0,54,57,0,0
60643,11,03/08/2020,03/14/2020,,,5,6,0,0
60622,16,04/12/2020,04/18/2020,48.0,213.0,213,767,9,12
60605,15,04/05/2020,04/11/2020,12.0,59.0,83,335,0,0
60636,16,04/12/2020,04/18/2020,65.0,243.0,152,551,6,23
60610,17,04/19/2020,04/25/2020,16.0,128.0,145,630,3,4
60649,16,04/12/2020,04/18/2020,77.0,284.0,261,904,11,33
60641,20,05/10/2020,05/16/2020,160.0,1005.0,682,3588,4,34
60624,16,04/12/2020,04/18/2020,80.0,318.0,248,843,2,11
60652,11,03/08/2020,03/14/2020,,,5,5,0,0
60653,17,04/19/2020,04/25/2020,46.0,278.0,255,978,6,19
60646,10,03/01/2020,03/07/2020,,,3,3,0,0
60607,18,04/26/2020,05/02/2020,40.0,362.0,137,1063,0,3
60618,13,03/22/2020,03/28/2020,20.0,40.0,183,300,0,0
60636,17,04/19/2020,04/25/2020,76.0,319.0,234,785,5,28
60620,10,03/01/2020,03/07/2020,,,3,3,0,0
60634,13,03/22/2020,03/28/2020,40.0,49.0,341,415,0,0
60652,16,04/12/2020,04/18/2020,61.0,224.0,212,648,3,9
60609,13,03/22/2020,03/28/2020,28.0,40.0,131,199,0,0
60631,14,03/29/2020,04/04/2020,20.0,39.0,160,375,1,1
60628,15,04/05/2020,04/11/2020,97.0,301.0,216,868,16,25
60623,17,04/19/2020,04/25/2020,387.0,901.0,879,2067,13,36
60632,18,04/26/2020,05/02/2020,525.0,1324.0,1185,2981,9,26
60602,16,04/12/2020,04/18/2020,,,10,23,0,0
60603,15,04/05/2020,04/11/2020,,,5,13,0,0
60659,14,03/29/2020,04/04/2020,60.0,111.0,156,354,3,4
60614,16,04/12/2020,04/18/2020,33.0,192.0,195,814,15,24
60655,10,03/01/2020,03/07/2020,,,0,0,0,0
60637,17,04/19/2020,04/25/2020,72.0,307.0,521,1400,5,13
60628,10,03/01/2020,03/07/2020,,,1,1,0,0
60606,14,03/29/2020,04/04/2020,2.0,5.0,10,43,0,0
60640,16,04/12/2020,04/18/2020,133.0,292.0,316,902,8,17
60617,15,04/05/2020,04/11/2020,105.0,288.0,270,872,6,16
60639,10,03/01/2020,03/07/2020,,,1,1,0,0
60666,13,03/22/2020,03/28/2020,,,0,0,0,0
60641,10,03/01/2020,03/07/2020,,,0,0,0,0
60625,10,03/01/2020,03/07/2020,,,2,2,0,0
60601,20,05/10/2020,05/16/2020,4.0,65.0,68,402,0,4
60612,15,04/05/2020,04/11/2020,84.0,203.0,248,713,3,7
60615,10,03/01/2020,03/07/2020,,,3,3,0,0
60603,10,03/01/2020,03/07/2020,,,0,0,0,0
60608,14,03/29/2020,04/04/2020,91.0,156.0,194,491,1,1
60644,15,04/05/2020,04/11/2020,137.0,282.0,250,653,3,9
60620,19,05/03/2020,05/09/2020,95.0,830.0,606,3212,6,57
60655,15,04/05/2020,04/11/2020,56.0,104.0,190,531,2,3
60622,20,05/10/2020,05/16/2020,75.0,497.0,386,2044,4,46
60617,20,05/10/2020,05/16/2020,143.0,844.0,783,4016,4,40
60633,19,05/03/2020,05/09/2020,13.0,77.0,89,349,1,1
60605,20,05/10/2020,05/16/2020,7.0,149.0,134,978,0,0
60661,19,05/03/2020,05/09/2020,2.0,28.0,45,205,0,0
60641,16,04/12/2020,04/18/2020,109.0,283.0,313,999,5,11
60608,19,05/03/2020,05/09/2020,262.0,1132.0,751,3372,6,31
60630,20,05/10/2020,05/16/2020,100.0,587.0,410,2448,3,27
60657,10,03/01/2020,03/07/2020,,,4,4,0,0
60651,15,04/05/2020,04/11/2020,130.0,257.0,263,681,6,13
60643,20,05/10/2020,05/16/2020,37.0,603.0,379,2992,3,41
60646,19,05/03/2020,05/09/2020,50.0,263.0,170,1262,15,24
60654,11,03/08/2020,03/14/2020,,,9,10,0,0
60643,15,04/05/2020,04/11/2020,121.0,260.0,214,723,7,10
60630,15,04/05/2020,04/11/2020,65.0,127.0,219,636,4,6
60625,20,05/10/2020,05/16/2020,128.0,1018.0,625,3464,17,73
60620,14,03/29/2020,04/04/2020,136.0,241.0,302,632,10,16
60651,12,03/15/2020,03/21/2020,6.0,6.0,58,66,0,0
60656,16,04/12/2020,04/18/2020,28.0,92.0,112,600,2,4
60629,19,05/03/2020,05/09/2020,517.0,1947.0,1392,4876,8,38
60614,12,03/15/2020,03/21/2020,18.0,24.0,125,160,1,1
60660,20,05/10/2020,05/16/2020,27.0,310.0,224,1338,5,34
60638,17,04/19/2020,04/25/2020,142.0,369.0,482,1429,1,7
60617,11,03/08/2020,03/14/2020,,,10,11,0,0
60637,13,03/22/2020,03/28/2020,28.0,47.0,151,303,0,0
60604,19,05/03/2020,05/09/2020,4.0,13.0,11,50,0,0
60633,14,03/29/2020,04/04/2020,4.0,6.0,27,52,0,0
60615,14,03/29/2020,04/04/2020,44.0,88.0,160,421,3,4
60657,20,05/10/2020,05/16/2020,21.0,268.0,386,1938,2,19
60612,19,05/03/2020,05/09/2020,82.0,486.0,360,1927,3,16
60660,15,04/05/2020,04/11/2020,52.0,105.0,127,371,1,2
60640,12,03/15/2020,03/21/2020,12.0,15.0,96,115,0,0
60647,14,03/29/2020,04/04/2020,34.0,72.0,178,477,1,1
60609,20,05/10/2020,05/16/2020,226.0,1271.0,792,3452,11,41
60630,19,05/03/2020,05/09/2020,94.0,487.0,412,2038,6,24
60644,19,05/03/2020,05/09/2020,131.0,808.0,669,2799,4,47
60623,13,03/22/2020,03/28/2020,40.0,49.0,146,226,3,3
60646,14,03/29/2020,04/04/2020,14.0,36.0,122,279,0,2
60611,13,03/22/2020,03/28/2020,24.0,37.0,123,221,0,0
60620,15,04/05/2020,04/11/2020,139.0,380.0,277,909,16,32
60631,19,05/03/2020,05/09/2020,39.0,182.0,242,1344,3,5
60607,10,03/01/2020,03/07/2020,,,0,0,0,0
60654,14,03/29/2020,04/04/2020,14.0,38.0,38,151,0,0
60617,16,04/12/2020,04/18/2020,68.0,356.0,347,1219,5,21
60652,19,05/03/2020,05/09/2020,146.0,578.0,405,1918,0,12
60645,13,03/22/2020,03/28/2020,103.0,122.0,260,341,1,1
60707,14,03/29/2020,04/04/2020,10.0,22.0,51,115,0,1
60651,19,05/03/2020,05/09/2020,244.0,1029.0,792,3113,5,39
60666,20,05/10/2020,05/16/2020,,,0,1,0,0
60646,15,04/05/2020,04/11/2020,22.0,58.0,130,409,1,3
60657,17,04/19/2020,04/25/2020,25.0,191.0,213,1047,4,10
60653,18,04/26/2020,05/02/2020,37.0,315.0,232,1210,3,22
60619,13,03/22/2020,03/28/2020,69.0,96.0,217,347,0,0
60608,18,04/26/2020,05/02/2020,292.0,870.0,965,2621,10,25
60661,16,04/12/2020,04/18/2020,3.0,20.0,22,101,0,0
60637,18,04/26/2020,05/02/2020,45.0,352.0,376,1776,1,14
60707,19,05/03/2020,05/09/2020,4.0,55.0,212,708,5,7
60649,19,05/03/2020,05/09/2020,76.0,570.0,450,2148,11,73
60827,15,04/05/2020,04/11/2020,1.0,12.0,10,44,0,1
60643,16,04/12/2020,04/18/2020,74.0,334.0,263,986,10,20
60610,13,03/22/2020,03/28/2020,29.0,44.0,109,207,0,0
60615,18,04/26/2020,05/02/2020,25.0,244.0,237,1204,3,10
60601,12,03/15/2020,03/21/2020,8.0,11.0,32,39,0,0
60611,18,04/26/2020,05/02/2020,11.0,93.0,223,811,0,1
60655,18,04/26/2020,05/02/2020,20.0,177.0,251,1157,0,6
60603,18,04/26/2020,05/02/2020,2.0,5.0,10,29,0,0
60634,18,04/26/2020,05/02/2020,217.0,712.0,776,3157,6,22
60647,18,04/26/2020,05/02/2020,160.0,620.0,610,2210,13,30
60660,10,03/01/2020,03/07/2020,,,0,0,0,0
60612,12,03/15/2020,03/21/2020,12.0,12.0,99,110,0,0
60606,17,04/19/2020,04/25/2020,8.0,25.0,39,141,0,0
60611,17,04/19/2020,04/25/2020,8.0,82.0,132,588,1,1
60632,12,03/15/2020,03/21/2020,4.0,5.0,60,69,0,0
60621,16,04/12/2020,04/18/2020,66.0,203.0,170,544,4,10
60609,16,04/12/2020,04/18/2020,132.0,315.0,305,852,4,9
60622,12,03/15/2020,03/21/2020,18.0,23.0,92,105,0,0
60624,12,03/15/2020,03/21/2020,8.0,8.0,81,91,0,0
60666,16,04/12/2020,04/18/2020,,,0,0,0,0
60633,18,04/26/2020,05/02/2020,17.0,64.0,80,260,0,0
60618,17,04/19/2020,04/25/2020,152.0,464.0,467,1673,6,12
60649,12,03/15/2020,03/21/2020,21.0,21.0,122,125,0,0
60629,13,03/22/2020,03/28/2020,43.0,52.0,153,236,0,0
60653,12,03/15/2020,03/21/2020,17.0,17.0,81,88,1,1
60827,18,04/26/2020,05/02/2020,3.0,23.0,44,135,0,2
60638,12,03/15/2020,03/21/2020,5.0,5.0,41,43,0,0
60654,18,04/26/2020,05/02/2020,6.0,110.0,70,420,0,0
60652,12,03/15/2020,03/21/2020,6.0,6.0,33,38,0,0
60657,13,03/22/2020,03/28/2020,36.0,62.0,155,340,0,0
60628,11,03/08/2020,03/14/2020,,,6,7,0,0
60639,15,04/05/2020,04/11/2020,162.0,281.0,344,773,5,8
60661,12,03/15/2020,03/21/2020,,,22,22,0,0
60640,17,04/19/2020,04/25/2020,129.0,421.0,485,1387,14,31
60649,17,04/19/2020,04/25/2020,130.0,414.0,434,1338,8,41
60641,11,03/08/2020,03/14/2020,,,6,6,0,0
60615,11,03/08/2020,03/14/2020,,,6,9,0,0
60602,20,05/10/2020,05/16/2020,2.0,10.0,14,73,0,0
60603,11,03/08/2020,03/14/2020,,,0,0,0,0
60613,15,04/05/2020,04/11/2020,47.0,139.0,122,473,4,5
60624,10,03/01/2020,03/07/2020,,,2,2,0,0
60604,11,03/08/2020,03/14/2020,,,0,0,0,0
60614,17,04/19/2020,04/25/2020,43.0,235.0,285,1099,6,30
60625,14,03/29/2020,04/04/2020,60.0,103.0,181,429,2,3
60605,19,05/03/2020,05/09/2020,13.0,142.0,139,844,0,0
60656,11,03/08/2020,03/14/2020,,,4,4,0,0
60616,14,03/29/2020,04/04/2020,46.0,78.0,130,358,4,6
60626,20,05/10/2020,05/16/2020,80.0,766.0,367,2575,15,75
60601,16,04/12/2020,04/18/2020,4.0,37.0,29,165,1,2
60642,14,03/29/2020,04/04/2020,12.0,22.0,41,145,0,0
60613,16,04/12/2020,04/18/2020,31.0,170.0,140,613,3,8
60636,11,03/08/2020,03/14/2020,,,6,6,0,0
60659,17,04/19/2020,04/25/2020,90.0,334.0,237,935,6,19
60657,11,03/08/2020,03/14/2020,7.0,7.0,38,42,0,0
60655,11,03/08/2020,03/14/2020,,,5,5,0,0
60616,10,03/01/2020,03/07/2020,,,4,4,0,0
60640,15,04/05/2020,04/11/2020,73.0,159.0,191,586,5,9
60617,14,03/29/2020,04/04/2020,101.0,183.0,252,602,7,10
60638,16,04/12/2020,04/18/2020,77.0,227.0,298,947,3,6
60602,10,03/01/2020,03/07/2020,,,0,0,0,0
60604,10,03/01/2020,03/07/2020,,,0,0,0,0
60626,10,03/01/2020,03/07/2020,,,1,1,0,0
60656,15,04/05/2020,04/11/2020,29.0,64.0,176,488,0,2
60656,17,04/19/2020,04/25/2020,28.0,120.0,142,742,0,4
60626,15,04/05/2020,04/11/2020,81.0,154.0,187,542,5,7
60605,14,03/29/2020,04/04/2020,17.0,47.0,67,252,0,0
60610,18,04/26/2020,05/02/2020,24.0,152.0,171,801,0,4
60625,16,04/12/2020,04/18/2020,111.0,318.0,306,998,8,13
60618,16,04/12/2020,04/18/2020,116.0,312.0,462,1206,4,6
60653,16,04/12/2020,04/18/2020,61.0,232.0,199,723,2,13
60623,16,04/12/2020,04/18/2020,212.0,514.0,456,1188,9,23
60602,15,04/05/2020,04/11/2020,,,3,13,0,0
60639,16,04/12/2020,04/18/2020,251.0,532.0,588,1361,14,22
60707,13,03/22/2020,03/28/2020,11.0,12.0,49,64,1,1
60606,15,04/05/2020,04/11/2020,2.0,7.0,28,71,0,0
60637,16,04/12/2020,04/18/2020,63.0,235.0,219,879,4,8
60601,11,03/08/2020,03/14/2020,,,6,7,0,0
60642,15,04/05/2020,04/11/2020,15.0,37.0,45,190,0,0
60636,18,04/26/2020,05/02/2020,76.0,395.0,267,1052,5,33
60604,20,05/10/2020,05/16/2020,3.0,16.0,14,64,0,0
60656,10,03/01/2020,03/07/2020,,,0,0,0,0
60629,15,04/05/2020,04/11/2020,150.0,289.0,303,752,6,12
60660,16,04/12/2020,04/18/2020,61.0,166.0,164,535,7,9
60613,11,03/08/2020,03/14/2020,,,14,16,0,0
60647,13,03/22/2020,03/28/2020,25.0,38.0,168,299,0,0
60604,15,04/05/2020,04/11/2020,,,1,12,0,0
60644,14,03/29/2020,04/04/2020,82.0,145.0,172,403,6,6
60631,15,04/05/2020,04/11/2020,39.0,78.0,183,558,0,1
60621,15,04/05/2020,04/11/2020,64.0,137.0,127,374,2,6
60616,15,04/05/2020,04/11/2020,66.0,144.0,168,526,5,11
60632,19,05/03/2020,05/09/2020,540.0,1864.0,1129,4110,13,39
60653,11,03/08/2020,03/14/2020,,,5,7,0,0
60607,19,05/03/2020,05/09/2020,17.0,379.0,159,1222,1,4
60614,15,04/05/2020,04/11/2020,55.0,159.0,173,619,8,9
60659,20,05/10/2020,05/16/2020,65.0,557.0,279,1799,5,31
60617,10,03/01/2020,03/07/2020,,,1,1,0,0
60638,20,05/10/2020,05/16/2020,132.0,860.0,532,3112,6,26
60615,17,04/19/2020,04/25/2020,40.0,219.0,198,967,2,7
60619,20,05/10/2020,05/16/2020,59.0,746.0,709,3578,7,49
60624,20,05/10/2020,05/16/2020,73.0,645.0,328,2219,1,22
60640,11,03/08/2020,03/14/2020,,,15,19,0,0
60607,14,03/29/2020,04/04/2020,35.0,70.0,90,294,0,0
60636,13,03/22/2020,03/28/2020,34.0,43.0,98,156,1,2
60620,20,05/10/2020,05/16/2020,83.0,913.0,645,3857,3,60
60633,20,05/10/2020,05/16/2020,19.0,96.0,79,428,1,2
60643,10,03/01/2020,03/07/2020,,,1,1,0,0
60606,20,05/10/2020,05/16/2020,9.0,43.0,87,310,0,2
60655,16,04/12/2020,04/18/2020,31.0,135.0,188,719,1,4
60622,13,03/22/2020,03/28/2020,24.0,47.0,136,241,0,0
60629,20,05/10/2020,05/16/2020,425.0,2372.0,1366,6242,9,47
60649,13,03/22/2020,03/28/2020,38.0,59.0,153,278,3,3
60603,16,04/12/2020,04/18/2020,,,3,16,0,0
60827,10,03/01/2020,03/07/2020,,,0,0,0,0
60641,15,04/05/2020,04/11/2020,115.0,174.0,297,686,4,6
60608,20,05/10/2020,05/16/2020,188.0,1320.0,659,4031,4,35
60661,10,03/01/2020,03/07/2020,,,0,0,0,0
60628,16,04/12/2020,04/18/2020,96.0,397.0,321,1189,5,30
60624,17,04/19/2020,04/25/2020,89.0,407.0,294,1137,7,18
60618,20,05/10/2020,05/16/2020,136.0,890.0,717,3628,5,31
60659,15,04/05/2020,04/11/2020,68.0,179.0,146,500,3,7
60645,14,03/29/2020,04/04/2020,101.0,223.0,242,583,2,3
60637,12,03/15/2020,03/21/2020,19.0,19.0,146,152,0,0
60646,20,05/10/2020,05/16/2020,23.0,286.0,195,1457,7,31
60666,14,03/29/2020,04/04/2020,,,0,0,0,0
60632,14,03/29/2020,04/04/2020,51.0,72.0,130,313,2,3
60634,14,03/29/2020,04/04/2020,58.0,107.0,366,781,4,4
60654,12,03/15/2020,03/21/2020,8.0,9.0,52,62,0,0
60652,17,04/19/2020,04/25/2020,82.0,306.0,320,968,1,10
60609,14,03/29/2020,04/04/2020,50.0,90.0,153,352,3,3
60660,14,03/29/2020,04/04/2020,23.0,53.0,87,244,1,1
60630,14,03/29/2020,04/04/2020,32.0,62.0,194,417,0,2
60659,10,03/01/2020,03/07/2020,,,1,1,0,0
60612,18,04/26/2020,05/02/2020,67.0,404.0,349,1567,2,13
60619,14,03/29/2020,04/04/2020,107.0,203.0,275,622,10,10
60661,15,04/05/2020,04/11/2020,2.0,17.0,13,79,0,0
60608,13,03/22/2020,03/28/2020,59.0,65.0,200,297,0,0
60645,20,05/10/2020,05/16/2020,107.0,867.0,489,2826,11,56
60651,13,03/22/2020,03/28/2020,49.0,55.0,150,216,0,0
60606,10,03/01/2020,03/07/2020,,,0,0,0,0
60621,19,05/03/2020,05/09/2020,54.0,376.0,284,1291,7,31
60622,19,05/03/2020,05/09/2020,68.0,422.0,325,1658,8,42
60661,20,05/10/2020,05/16/2020,3.0,31.0,63,268,0,0
60614,11,03/08/2020,03/14/2020,6.0,6.0,33,35,0,0
60618,10,03/01/2020,03/07/2020,,,1,1,0,0
60609,19,05/03/2020,05/09/2020,250.0,1045.0,593,2660,6,30
60631,10,03/01/2020,03/07/2020,,,2,2,0,0
60644,10,03/01/2020,03/07/2020,,,5,5,0,0
60651,14,03/29/2020,04/04/2020,72.0,127.0,202,418,7,7
60611,19,05/03/2020,05/09/2020,9.0,102.0,227,1038,1,2
60638,13,03/22/2020,03/28/2020,23.0,28.0,166,209,0,0
60666,19,05/03/2020,05/09/2020,,,1,1,0,0
60625,13,03/22/2020,03/28/2020,23.0,43.0,147,248,0,1
60643,14,03/29/2020,04/04/2020,89.0,139.0,240,509,3,3
60620,13,03/22/2020,03/28/2020,79.0,105.0,216,330,4,6
60660,13,03/22/2020,03/28/2020,22.0,30.0,93,157,0,0
60637,19,05/03/2020,05/09/2020,62.0,414.0,455,2231,1,15
60628,19,05/03/2020,05/09/2020,115.0,779.0,548,2794,12,64
60612,13,03/22/2020,03/28/2020,42.0,54.0,186,296,1,1
60655,12,03/15/2020,03/21/2020,,,30,35,0,0
60628,12,03/15/2020,03/21/2020,15.0,16.0,111,118,0,0
60620,16,04/12/2020,04/18/2020,102.0,482.0,340,1249,8,40
60624,13,03/22/2020,03/28/2020,37.0,45.0,133,224,0,0
60647,20,05/10/2020,05/16/2020,180.0,983.0,654,3533,10,55
60641,19,05/03/2020,05/09/2020,187.0,845.0,734,2906,8,30
60641,12,03/15/2020,03/21/2020,7.0,7.0,63,69,0,0
60621,20,05/10/2020,05/16/2020,57.0,433.0,314,1605,6,37
60607,13,03/22/2020,03/28/2020,24.0,35.0,120,204,0,0
60827,14,03/29/2020,04/04/2020,5.0,11.0,11,34,1,1
60615,12,03/15/2020,03/21/2020,20.0,20.0,142,151,0,0
60603,12,03/15/2020,03/21/2020,,,1,1,0,0
60827,19,05/03/2020,05/09/2020,2.0,25.0,21,156,1,3
60645,10,03/01/2020,03/07/2020,,,0,0,0,0
60646,16,04/12/2020,04/18/2020,19.0,77.0,124,533,0,3
60640,18,04/26/2020,05/02/2020,90.0,511.0,446,1833,15,46
60657,16,04/12/2020,04/18/2020,18.0,166.0,161,834,4,6
60614,18,04/26/2020,05/02/2020,56.0,291.0,486,1585,6,36
60652,13,03/22/2020,03/28/2020,33.0,39.0,111,149,1,1
60653,19,05/03/2020,05/09/2020,46.0,361.0,315,1525,3,25
60636,10,03/01/2020,03/07/2020,,,0,0,0,0
60623,12,03/15/2020,03/21/2020,9.0,9.0,73,80,0,0
60707,20,05/10/2020,05/16/2020,3.0,58.0,135,843,0,7
60619,10,03/01/2020,03/07/2020,,,0,0,0,0
60646,13,03/22/2020,03/28/2020,13.0,22.0,115,157,2,2
60610,12,03/15/2020,03/21/2020,14.0,15.0,79,98,0,0
60661,11,03/08/2020,03/14/2020,,,0,0,0,0
60649,20,05/10/2020,05/16/2020,51.0,621.0,468,2616,9,82
60632,11,03/08/2020,03/14/2020,,,6,9,0,0
60611,12,03/15/2020,03/21/2020,13.0,13.0,86,98,0,0
60633,13,03/22/2020,03/28/2020,,,13,25,0,0
60654,13,03/22/2020,03/28/2020,15.0,24.0,51,113,0,0
60643,17,04/19/2020,04/25/2020,113.0,447.0,863,1849,3,23
60617,17,04/19/2020,04/25/2020,83.0,439.0,448,1667,4,25
60613,12,03/15/2020,03/21/2020,16.0,16.0,82,98,0,0
60604,14,03/29/2020,04/04/2020,,,4,11,0,0
60651,18,04/26/2020,05/02/2020,221.0,785.0,776,2321,5,34
60654,17,04/19/2020,04/25/2020,5.0,104.0,58,350,0,0
60656,18,04/26/2020,05/02/2020,28.0,148.0,170,912,1,5
60605,18,04/26/2020,05/02/2020,17.0,129.0,162,705,0,0
60707,12,03/15/2020,03/21/2020,,,12,15,0,0
60626,19,05/03/2020,05/09/2020,102.0,686.0,523,2208,22,60
60601,17,04/19/2020,04/25/2020,5.0,42.0,38,203,1,3
60625,17,04/19/2020,04/25/2020,157.0,475.0,442,1440,12,25
60613,17,04/19/2020,04/25/2020,34.0,204.0,188,801,3,11
60639,17,04/19/2020,04/25/2020,395.0,927.0,929,2290,9,31
60608,17,04/19/2020,04/25/2020,180.0,578.0,490,1656,5,15
60630,18,04/26/2020,05/02/2020,102.0,393.0,375,1626,4,18
60639,12,03/15/2020,03/21/2020,6.0,6.0,61,70,1,1
60623,20,05/10/2020,05/16/2020,420.0,2513.0,1118,5767,17,85
60629,12,03/15/2020,03/21/2020,9.0,9.0,78,83,0,0
60604,16,04/12/2020,04/18/2020,,,3,15,0,0
60606,11,03/08/2020,03/14/2020,,,3,3,0,0
60618,11,03/08/2020,03/14/2020,,,18,19,0,0
60616,11,03/08/2020,03/14/2020,,,14,18,1,1
60616,16,04/12/2020,04/18/2020,49.0,193.0,184,710,7,18
60631,11,03/08/2020,03/14/2020,,,3,5,0,0
60642,11,03/08/2020,03/14/2020,,,3,4,0,0
60601,15,04/05/2020,04/11/2020,6.0,33.0,39,136,1,1
60657,12,03/15/2020,03/21/2020,19.0,26.0,143,185,0,0
60634,17,04/19/2020,04/25/2020,147.0,495.0,640,2381,5,16
60647,17,04/19/2020,04/25/2020,208.0,460.0,547,1600,9,17
60644,11,03/08/2020,03/14/2020,,,14,19,0,0
60611,16,04/12/2020,04/18/2020,10.0,74.0,99,456,0,0
60631,18,04/26/2020,05/02/2020,21.0,143.0,204,1102,0,2
60644,18,04/26/2020,05/02/2020,138.0,677.0,716,2130,15,43
60656,14,03/29/2020,04/04/2020,23.0,35.0,138,312,2,2
60633,17,04/19/2020,04/25/2020,23.0,47.0,61,180,0,0
60707,15,04/05/2020,04/11/2020,9.0,31.0,74,189,0,1
60653,15,04/05/2020,04/11/2020,75.0,171.0,173,524,7,11
60602,19,05/03/2020,05/09/2020,3.0,8.0,17,59,0,0
60631,16,04/12/2020,04/18/2020,20.0,98.0,167,725,1,2
60827,17,04/19/2020,04/25/2020,5.0,20.0,32,91,1,2
60660,18,04/26/2020,05/02/2020,51.0,250.0,250,949,3,21
60614,10,03/01/2020,03/07/2020,,,2,2,0,0
60659,16,04/12/2020,04/18/2020,65.0,244.0,198,698,6,13
60601,10,03/01/2020,03/07/2020,,,1,1,0,0
60606,16,04/12/2020,04/18/2020,10.0,17.0,31,102,0,0
60615,20,05/10/2020,05/16/2020,37.0,315.0,319,1805,2,13
60637,11,03/08/2020,03/14/2020,,,5,6,0,0
60629,16,04/12/2020,04/18/2020,241.0,530.0,501,1253,4,16
60642,16,04/12/2020,04/18/2020,1.0,38.0,69,259,1,1
60655,20,05/10/2020,05/16/2020,17.0,211.0,185,1541,0,6
60659,11,03/08/2020,03/14/2020,,,5,6,0,0
60660,17,04/19/2020,04/25/2020,33.0,199.0,164,699,9,18
60613,10,03/01/2020,03/07/2020,,,2,2,0,0
60647,12,03/15/2020,03/21/2020,11.0,13.0,106,131,0,0
60603,20,05/10/2020,05/16/2020,1.0,6.0,6,40,0,0
60622,18,04/26/2020,05/02/2020,77.0,354.0,330,1333,12,34
60644,13,03/22/2020,03/28/2020,48.0,63.0,134,231,0,0
60621,10,03/01/2020,03/07/2020,,,0,0,0,0
60666,10,03/01/2020,03/07/2020,,,0,0,0,0
60642,20,05/10/2020,05/16/2020,16.0,121.0,135,723,0,4
60609,10,03/01/2020,03/07/2020,,,2,2,0,0
60634,10,03/01/2020,03/07/2020,,,3,3,0,0
60654,16,04/12/2020,04/18/2020,18.0,99.0,60,292,0,0
60653,10,03/01/2020,03/07/2020,,,2,2,0,0
60607,20,05/10/2020,05/16/2020,13.0,392.0,167,1389,0,4
60645,19,05/03/2020,05/09/2020,87.0,760.0,373,2337,6,45
60618,15,04/05/2020,04/11/2020,89.0,196.0,245,744,2,2
60651,17,04/19/2020,04/25/2020,187.0,564.0,532,1545,11,29
60656,19,05/03/2020,05/09/2020,23.0,171.0,170,1082,0,5
60647,10,03/01/2020,03/07/2020,,,0,0,0,0
60619,19,05/03/2020,05/09/2020,74.0,687.0,600,2869,6,42
60609,15,04/05/2020,04/11/2020,93.0,183.0,195,547,2,5
60634,15,04/05/2020,04/11/2020,132.0,239.0,432,1213,3,7
60657,15,04/05/2020,04/11/2020,43.0,148.0,172,673,2,2
60651,10,03/01/2020,03/07/2020,,,0,0,0,0
60630,10,03/01/2020,03/07/2020,,,0,0,0,0
60603,17,04/19/2020,04/25/2020,,,3,19,0,0
60628,17,04/19/2020,04/25/2020,116.0,513.0,543,1732,10,40
60602,14,03/29/2020,04/04/2020,,,4,10,0,0
60623,15,04/05/2020,04/11/2020,170.0,302.0,298,732,6,14
60614,14,03/29/2020,04/04/2020,52.0,104.0,144,446,0,1
60827,13,03/22/2020,03/28/2020,4.0,6.0,15,23,0,0
60632,20,05/10/2020,05/16/2020,414.0,2278.0,1085,5195,7,46
60637,15,04/05/2020,04/11/2020,69.0,172.0,186,660,2,4
60616,20,05/10/2020,05/16/2020,47.0,349.0,486,1952,2,33
60605,10,03/01/2020,03/07/2020,,,0,0,0,0
60610,14,03/29/2020,04/04/2020,32.0,76.0,82,289,0,0
60666,15,04/05/2020,04/11/2020,,,0,0,0,0
60638,15,04/05/2020,04/11/2020,83.0,150.0,234,649,2,3
60615,16,04/12/2020,04/18/2020,43.0,179.0,184,769,1,5
60612,17,04/19/2020,04/25/2020,71.0,337.0,283,1218,1,11
60640,10,03/01/2020,03/07/2020,,,4,4,0,0
60602,11,03/08/2020,03/14/2020,,,0,0,0,0
60606,19,05/03/2020,05/09/2020,6.0,34.0,46,223,0,2
60655,17,04/19/2020,04/25/2020,22.0,157.0,187,906,2,6
60626,14,03/29/2020,04/04/2020,39.0,73.0,131,355,2,2
60610,19,05/03/2020,05/09/2020,22.0,174.0,210,1011,1,5
60605,13,03/22/2020,03/28/2020,15.0,30.0,84,185,0,0
60633,12,03/15/2020,03/21/2020,,,12,12,0,0
60636,14,03/29/2020,04/04/2020,59.0,102.0,136,292,6,8
60621,14,03/29/2020,04/04/2020,44.0,73.0,120,247,3,4
60622,14,03/29/2020,04/04/2020,44.0,91.0,118,359,1,1
60641,14,03/29/2020,04/04/2020,33.0,59.0,186,389,2,2
60649,14,03/29/2020,04/04/2020,59.0,118.0,197,475,7,10
60618,19,05/03/2020,05/09/2020,152.0,754.0,628,2911,8,26
60645,15,04/05/2020,04/11/2020,111.0,334.0,259,842,6,9
60624,18,04/26/2020,05/02/2020,75.0,482.0,386,1523,0,18
60636,19,05/03/2020,05/09/2020,89.0,484.0,317,1369,5,38
60632,15,04/05/2020,04/11/2020,126.0,198.0,282,595,6,9
60653,20,05/10/2020,05/16/2020,57.0,418.0,404,1929,2,27
60652,18,04/26/2020,05/02/2020,126.0,432.0,545,1513,2,12
60607,15,04/05/2020,04/11/2020,203.0,273.0,285,579,1,1
60619,15,04/05/2020,04/11/2020,119.0,322.0,245,867,9,19
60626,11,03/08/2020,03/14/2020,,,5,6,0,0
60613,18,04/26/2020,05/02/2020,37.0,241.0,270,1071,1,12
60628,13,03/22/2020,03/28/2020,78.0,94.0,223,341,1,1
60661,14,03/29/2020,04/04/2020,7.0,15.0,14,66,0,0
60642,17,04/19/2020,04/25/2020,24.0,62.0,105,364,0,1
60629,17,04/19/2020,04/25/2020,390.0,920.0,902,2155,7,23
60641,13,03/22/2020,03/28/2020,19.0,26.0,134,203,0,0
60639,13,03/22/2020,03/28/2020,36.0,42.0,146,216,0,1
60603,13,03/22/2020,03/28/2020,,,3,4,0,0
60615,13,03/22/2020,03/28/2020,24.0,44.0,110,261,1,1
60623,19,05/03/2020,05/09/2020,564.0,2093.0,1250,4649,16,68
60613,13,03/22/2020,03/28/2020,28.0,44.0,121,219,0,0
60602,18,04/26/2020,05/02/2020,0.0,5.0,5,42,0,0
60604,17,04/19/2020,04/25/2020,2.0,6.0,10,25,0,0
60638,19,05/03/2020,05/09/2020,174.0,728.0,569,2580,3,20
60617,13,03/22/2020,03/28/2020,67.0,82.0,214,350,3,3
60616,17,04/19/2020,04/25/2020,26.0,219.0,210,920,8,26
60601,18,04/26/2020,05/02/2020,13.0,55.0,65,268,0,3
60640,14,03/29/2020,04/04/2020,46.0,86.0,163,395,2,4
60624,19,05/03/2020,05/09/2020,90.0,572.0,368,1891,3,21
60634,20,05/10/2020,05/16/2020,155.0,1053.0,738,4676,5,31
60659,19,05/03/2020,05/09/2020,82.0,492.0,280,1520,5,26
60655,13,03/22/2020,03/28/2020,19.0,20.0,139,174,0,0
60628,18,04/26/2020,05/02/2020,151.0,664.0,514,2246,12,52
60619,11,03/08/2020,03/14/2020,,,13,13,0,0
60630,17,04/19/2020,04/25/2020,110.0,291.0,323,1251,4,14
60609,18,04/26/2020,05/02/2020,271.0,795.0,707,2067,6,24
60621,18,04/26/2020,05/02/2020,56.0,322.0,245,1007,9,24
60622,10,03/01/2020,03/07/2020,,,2,2,0,0
60626,18,04/26/2020,05/02/2020,166.0,584.0,413,1685,12,38
60611,15,04/05/2020,04/11/2020,9.0,64.0,62,357,0,0
60612,14,03/29/2020,04/04/2020,65.0,119.0,169,465,3,4
60632,10,03/01/2020,03/07/2020,,,3,3,0,0
60649,10,03/01/2020,03/07/2020,,,1,1,0,0
60624,14,03/29/2020,04/04/2020,85.0,130.0,178,402,5,5
60633,16,04/12/2020,04/18/2020,12.0,24.0,53,119,0,0
60607,12,03/15/2020,03/21/2020,11.0,11.0,73,84,0,0
60617,18,04/26/2020,05/02/2020,131.0,570.0,845,2512,3,28
60641,18,04/26/2020,05/02/2020,218.0,658.0,656,2172,6,22
60645,11,03/08/2020,03/14/2020,,,4,4,0,0
60638,14,03/29/2020,04/04/2020,39.0,67.0,206,415,1,1
60666,18,04/26/2020,05/02/2020,,,0,0,0,0
60652,14,03/29/2020,04/04/2020,48.0,87.0,152,301,2,3
60608,16,04/12/2020,04/18/2020,119.0,398.0,352,1166,6,10
60625,18,04/26/2020,05/02/2020,219.0,694.0,813,2253,15,40
60639,18,04/26/2020,05/02/2020,558.0,1485.0,1398,3688,13,44
60637,20,05/10/2020,05/16/2020,77.0,491.0,488,2719,1,16
60661,18,04/26/2020,05/02/2020,4.0,26.0,31,160,0,0
60644,12,03/15/2020,03/21/2020,11.0,15.0,78,97,0,0
60631,12,03/15/2020,03/21/2020,7.0,9.0,23,28,0,0
60656,13,03/22/2020,03/28/2020,10.0,12.0,146,174,0,0
60640,19,05/03/2020,05/09/2020,81.0,592.0,430,2263,15,61
60659,12,03/15/2020,03/21/2020,14.0,15.0,61,67,0,0
60652,10,03/01/2020,03/07/2020,,,0,0,0,0
60707,16,04/12/2020,04/18/2020,4.0,35.0,86,275,1,2
60643,18,04/26/2020,05/02/2020,75.0,522.0,406,2255,10,33
60611,20,05/10/2020,05/16/2020,10.0,112.0,243,1281,0,2
60604,13,03/22/2020,03/28/2020,,,7,7,0,0
60601,14,03/29/2020,04/04/2020,7.0,27.0,21,97,0,0
60614,19,05/03/2020,05/09/2020,104.0,395.0,369,1954,10,46
60618,12,03/15/2020,03/21/2020,18.0,20.0,98,117,0,0
60606,12,03/15/2020,03/21/2020,,,15,18,0,0
60605,17,04/19/2020,04/25/2020,27.0,112.0,106,543,0,0
60616,12,03/15/2020,03/21/2020,9.0,10.0,71,89,0,1
60625,12,03/15/2020,03/21/2020,19.0,20.0,88,101,1,1
60642,12,03/15/2020,03/21/2020,,,35,39,0,0
60647,16,04/12/2020,04/18/2020,109.0,252.0,337,1053,7,8
60634,16,04/12/2020,04/18/2020,109.0,348.0,528,1741,4,11
60660,12,03/15/2020,03/21/2020,7.0,8.0,52,64,0,0
60608,12,03/15/2020,03/21/2020,5.0,6.0,86,97,0,0
60610,11,03/08/2020,03/14/2020,,,15,19,0,0
60623,11,03/08/2020,03/14/2020,,,4,7,0,0
60620,17,04/19/2020,04/25/2020,169.0,651.0,838,2087,5,45
60630,13,03/22/2020,03/28/2020,24.0,30.0,175,223,1,2
60646,12,03/15/2020,03/21/2020,9.0,9.0,35,42,0,0
60631,17,04/19/2020,04/25/2020,24.0,122.0,173,898,0,2
60611,11,03/08/2020,03/14/2020,,,10,12,0,0
60644,17,04/19/2020,04/25/2020,173.0,539.0,489,1414,13,28
60607,16,04/12/2020,04/18/2020,32.0,305.0,116,695,0,1
60629,11,03/08/2020,03/14/2020,,,4,5,0,0
60827,20,05/10/2020,05/16/2020,0.0,25.0,28,184,0,3
60653,14,03/29/2020,04/04/2020,47.0,96.0,141,351,3,4
60619,16,04/12/2020,04/18/2020,94.0,416.0,344,1211,6,25
60654,20,05/10/2020,05/16/2020,8.0,123.0,108,621,0,0
60707,11,03/08/2020,03/14/2020,,,2,3,0,0
60646,17,04/19/2020,04/25/2020,28.0,105.0,348,881,2,5
60620,12,03/15/2020,03/21/2020,23.0,26.0,99,114,2,2
60657,19,05/03/2020,05/09/2020,26.0,247.0,251,1552,2,17
60647,11,03/08/2020,03/14/2020,,,25,25,0,0
60643,13,03/22/2020,03/28/2020,41.0,50.0,186,269,0,0
60634,11,03/08/2020,03/14/2020,,,4,7,0,0
60621,11,03/08/2020,03/14/2020,,,3,3,0,0
60609,11,03/08/2020,03/14/2020,,,5,7,0,0
